<?xml version="1.0" encoding="UTF-8"?>
<project-private xmlns="http://www.netbeans.org/ns/project-private/1">
    <editor-bookmarks xmlns="http://www.netbeans.org/ns/editor-bookmarks/2" lastBookmarkId="0"/>
    <open-files xmlns="http://www.netbeans.org/ns/projectui-open-files/2">
        <group>
            <file>file:/Users/armellemundubeltz/www/Projets-Navette/projetNavetteRetenu/supprimerTrajet.php</file>
            <file>file:/Users/armellemundubeltz/www/Projets-Navette/projetNavetteRetenu/identification.php</file>
            <file>file:/Users/armellemundubeltz/www/Projets-Navette/projetNavetteRetenu/Connexion.php</file>
            <file>file:/Users/armellemundubeltz/www/Projets-Navette/projetNavetteRetenu/chauffeur-v2.php</file>
            <file>file:/Users/armellemundubeltz/www/Projets-Navette/projetNavetteRetenu/CreerCompte.html</file>
            <file>file:/Users/armellemundubeltz/www/Projets-Navette/projetNavetteRetenu/index.htm</file>
            <file>file:/Users/armellemundubeltz/www/Projets-Navette/projetNavetteRetenu/monTrajet.php</file>
            <file>file:/Users/armellemundubeltz/www/Projets-Navette/projetNavetteRetenu/identificationChauffeur.php</file>
            <file>file:/Users/armellemundubeltz/www/Projets-Navette/projetNavetteRetenu/reservation.php</file>
        </group>
    </open-files>
</project-private>
